<?xml version="1.0" encoding="utf-8"?>
<modification>
    <id>Frisbee</id>
    <name>Frisbee</name>
    <code>default</code>
    <version>1.0.0</version>
    <author>Frisbee</author>
    <link>https://www.frisbee.ua</link>

    <file path="admin/controller/marketplace/install.php">
        <operation>
            <search>
                <![CDATA[if ($safe) {]]>
            </search>
            <add position="replace">
                <![CDATA[if (true) {]]>
            </add>
        </operation>
    </file>
</modification>
